006f52e9102a8d3be2fe5614f42ba989,hwiegowehiogw123455,4,nowarning,
02e74f10e0327ad868d138f2b4fdd6f0,hwiegowehiogw123455,4,nowarning,
03afdbd66e7929b125f8597834fa83a4,hwiegowehiogw123455,4,nowarning,
06409663226af2f3114485aa4e0a23b4,hwiegowehiogw123455,4,nowarning,
069059b7ef840f0c74a814ec9237b6ec,hwiegowehiogw123455,4,nowarning,
072b030ba126b2f4b2374f342be9ed44,hwiegowehiogw123455,4,nowarning,
0777d5c17d4066b82ab86dff8a46af6f,hwiegowehiogw123455,4,nowarning,
07e1cd7dca89a1678042477183b7ac3f,hwiegowehiogw123455,4,nowarning,
093f65e080a295f8076b1c5722a46aa2,hwiegowehiogw123455,4,nowarning,
0f28b5d49b3020afeecd95b4009adf4c,hwiegowehiogw123455,4,nowarning,
1385974ed5904a438616ff7bdb3f7439,hwiegowehiogw123455,4,nowarning,
140f6969d5213fd0ece03148e62e461e,hwiegowehiogw123455,4,nowarning,
149e9677a5989fd342ae44213df68868,hwiegowehiogw123455,4,nowarning,
14bfa6bb14875e45bba028a21ed38046,hwiegowehiogw123455,4,nowarning,
1679091c5a880faf6fb5e6087eb1b2dc,hwiegowehiogw123455,4,nowarning,
17e62166fc8586dfa4d1bc0e1742c08b,hwiegowehiogw123455,4,nowarning,
182be0c5cdcd5072bb1864cdee4d3d6e,hwiegowehiogw123455,4,nowarning,
19ca14e7ea6328a42e0eb13d585e4c22,hwiegowehiogw123455,4,nowarning,
1afa34a7f984eeabdbb0a7d494132ee5,hwiegowehiogw123455,4,nowarning,
1c383cd30b7c298ab50293adfecb7b18,hwiegowehiogw123455,4,nowarning,
1c9ac0159c94d8d0cbedc973445af2da,hwiegowehiogw123455,4,nowarning,
1d7f7abc18fcb43975065399b0d1e48e,hwiegowehiogw123455,4,nowarning,
1f0e3dad99908345f7439f8ffabdffc4,hwiegowehiogw123455,4,nowarning,
1ff1de774005f8da13f42943881c655f,hwiegowehiogw123455,4,nowarning,
1ff8a7b5dc7a7d1f0ed65aaa29c04b1e,hwiegowehiogw123455,4,nowarning,
202cb962ac59075b964b07152d234b70,hwiegowehiogw123455,4,nowarning,
26657d5ff9020d2abefe558796b99584,hwiegowehiogw123455,4,nowarning,
2723d092b63885e0d7c260cc007e8b9d,hwiegowehiogw123455,4,nowarning,
28dd2c7955ce926456240b2ff0100bde,hwiegowehiogw123455,4,nowarning,
2a38a4a9316c49e5a833517c45d31070,hwiegowehiogw123455,4,nowarning,
2b24d495052a8ce66358eb576b8912c8,hwiegowehiogw123455,4,nowarning,
2b44928ae11fb9384c4cf38708677c48,hwiegowehiogw123455,4,nowarning,
3295c76acbf4caaed33c36b1b5fc2cb1,hwiegowehiogw123455,4,nowarning,
33e75ff09dd601bbe69f351039152189,hwiegowehiogw123455,4,nowarning,
3416a75f4cea9109507cacd8e2f2aefc,hwiegowehiogw123455,4,nowarning,
34173cb38f07f89ddbebc2ac9128303f,hwiegowehiogw123455,4,nowarning,
35f4a8d465e6e1edc05f3d8ab658c551,hwiegowehiogw123455,4,nowarning,
3636638817772e42b59d74cff571fbb3,hwiegowehiogw123455,4,nowarning,
37693cfc748049e45d87b8c7d8b9aacd,hwiegowehiogw123455,4,nowarning,
38b3eff8baf56627478ec76a704e9b52,hwiegowehiogw123455,4,nowarning,
3988c7f88ebcb58c6ce932b957b6f332,hwiegowehiogw123455,4,nowarning,
3c59dc048e8850243be8079a5c74d079,hwiegowehiogw123455,4,nowarning,
3def184ad8f4755ff269862ea77393dd,hwiegowehiogw123455,4,nowarning,
3ef815416f775098fe977004015c6193,hwiegowehiogw123455,4,nowarning,
42a0e188f5033bc65bf8d78622277c4e,hwiegowehiogw123455,4,nowarning,
43ec517d68b6edd3015b3edc9a11367b,hwiegowehiogw123455,4,nowarning,
44f683a84163b3523afe57c2e008bc8c,hwiegowehiogw123455,4,nowarning,
45c48cce2e2d7fbdea1afc51c7c6ad26,hwiegowehiogw123455,4,nowarning,
47d1e990583c9c67424d369f3414728e,hwiegowehiogw123455,4,nowarning,
4c56ff4ce4aaf9573aa5dff913df997a,hwiegowehiogw123455,4,nowarning,
4e732ced3463d06de0ca9a15b6153677,hwiegowehiogw123455,4,nowarning,
54229abfcfa5649e7003b83dd4755294,hwiegowehiogw123455,4,nowarning,
5878a7ab84fb43402106c575658472fa,hwiegowehiogw123455,4,nowarning,
5ef059938ba799aaa845e1c2e8a762bd,hwiegowehiogw123455,4,nowarning,
5f93f983524def3dca464469d2cf9f3e,hwiegowehiogw123455,4,nowarning,
5fd0b37cd7dbbb00f97ba6ce92bf5add,hwiegowehiogw123455,4,nowarning,
6364d3f0f495b6ab9dcf8d3b5c6e0b01,hwiegowehiogw123455,4,nowarning,
642e92efb79421734881b53e1e1b18b6,hwiegowehiogw123455,4,nowarning,
6512bd43d9caa6e02c990b0a82652dca,hwiegowehiogw123455,4,nowarning,
65b9eea6e1cc6bb9f0cd2a47751a186f,hwiegowehiogw123455,4,nowarning,
65ded5353c5ee48d0b7d48c591b8f430,hwiegowehiogw123455,4,nowarning,
66f041e16a60928b05a7e228a89c3799,hwiegowehiogw123455,4,nowarning,
67c6a1e7ce56d3d6fa748ab6d9af3fd7,hwiegowehiogw123455,4,nowarning,
68d30a9594728bc39aa24be94b319d21,hwiegowehiogw123455,4,nowarning,
6974ce5ac660610b44d9b9fed0ff9548,hwiegowehiogw123455,4,nowarning,
698d51a19d8a121ce581499d7b701668,hwiegowehiogw123455,4,nowarning,
6c4b761a28b734fe93831e3fb400ce87,hwiegowehiogw123455,4,nowarning,
6c8349cc7260ae62e3b1396831a8398f,hwiegowehiogw123455,4,nowarning,
6cdd60ea0045eb7a6ec44c54d29ed402,hwiegowehiogw123455,4,nowarning,
6ea9ab1baa0efb9e19094440c317e21b,hwiegowehiogw123455,4,nowarning,
6f4922f45568161a8cdf4ad2299f6d23,hwiegowehiogw123455,4,nowarning,
70efdf2ec9b086079795c442636b55fb,hwiegowehiogw123455,4,nowarning,
72b32a1f754ba1c09b3695e0cb6cde7f,hwiegowehiogw123455,4,nowarning,
73278a4a86960eeb576a8fd4c9ec6997,hwiegowehiogw123455,4,nowarning,
735b90b4568125ed6c3f678819b6e058,hwiegowehiogw123455,4,nowarning,
7647966b7343c29048673252e490f736,hwiegowehiogw123455,4,nowarning,
76dc611d6ebaafc66cc0879c71b5db5c,hwiegowehiogw123455,4,nowarning,
7cbbc409ec990f19c78c75bd1e06f215,hwiegowehiogw123455,4,nowarning,
7e7757b1e12abcb736ab9a754ffb617a,hwiegowehiogw123455,4,nowarning,
7ef605fc8dba5425d6965fbd4c8fbe1f,hwiegowehiogw123455,4,nowarning,
7f1de29e6da19d22b51c68001e7e0e54,hwiegowehiogw123455,4,nowarning,
7f39f8317fbdb1988ef4c628eba02591,hwiegowehiogw123455,4,nowarning,
7f6ffaa6bb0b408017b62254211691b5,hwiegowehiogw123455,4,nowarning,
812b4ba287f5ee0bc9d43bbf5bbe87fb,hwiegowehiogw123455,4,nowarning,
82aa4b0af34c2313a562076992e50aa3,hwiegowehiogw123455,4,nowarning,
8613985ec49eb8f757ae6439e879bb2a,hwiegowehiogw123455,4,nowarning,
8d5e957f297893487bd98fa830fa6413,hwiegowehiogw123455,4,nowarning,
8e296a067a37563370ded05f5a3bf3ec,hwiegowehiogw123455,4,nowarning,
8f14e45fceea167a5a36dedd4bea2543,hwiegowehiogw123455,4,nowarning,
903ce9225fca3e988c2af215d4e544d3,hwiegowehiogw123455,4,nowarning,
92cc227532d17e56e07902b254dfad10,hwiegowehiogw123455,4,nowarning,
93db85ed909c13838ff95ccfa94cebd9,hwiegowehiogw123455,4,nowarning,
9766527f2b5d3e95d4a733fcfb77bd7e,hwiegowehiogw123455,4,nowarning,
9778d5d219c5080b9a6a17bef029331c,hwiegowehiogw123455,4,nowarning,
98dce83da57b0395e163467c9dae521b,hwiegowehiogw123455,4,nowarning,
98f13708210194c475687be6106a3b84,hwiegowehiogw123455,4,nowarning,
9a1158154dfa42caddbd0694a4e9bdc8,hwiegowehiogw123455,4,nowarning,
9b8619251a19057cff70779273e95aa6,hwiegowehiogw123455,4,nowarning,
9f61408e3afb633e50cdf1b20de6f466,hwiegowehiogw123455,4,nowarning,
9fc3d7152ba9336a670e36d0ed79bc43,hwiegowehiogw123455,4,nowarning,
a0a080f42e6f13b3a2df133f073095dd,hwiegowehiogw123455,4,nowarning,
a1d0c6e83f027327d8461063f4ac58a6,hwiegowehiogw123455,4,nowarning,
a3c65c2974270fd093ee8a9bf8ae7d0b,hwiegowehiogw123455,4,nowarning,
a3f390d88e4c41f2747bfa2f1b5f87db,hwiegowehiogw123455,4,nowarning,
a4a042cf4fd6bfb47701cbc8a1653ada,hwiegowehiogw123455,4,nowarning,
a5771bce93e200c36f7cd9dfd0e5deaa,hwiegowehiogw123455,4,nowarning,
a5bfc9e07964f8dddeb95fc584cd965d,hwiegowehiogw123455,4,nowarning,
a5e00132373a7031000fd987a3c9f87b,hwiegowehiogw123455,4,nowarning,
a684eceee76fc522773286a895bc8436,hwiegowehiogw123455,4,nowarning,
a87ff679a2f3e71d9181a67b7542122c,hwiegowehiogw123455,4,nowarning,
a8baa56554f96369ab93e4f3bb068c22,hwiegowehiogw123455,4,nowarning,
a8f15eda80c50adb0e71943adc8015cf,hwiegowehiogw123455,4,nowarning,
a97da629b098b75c294dffdc3e463904,sheet%hwiegowehiogw123455,4,nowarning,
aab3238922bcc25a6f606eb525ffdc56,hwiegowehiogw123455,4,nowarning,
ac627ab1ccbdb62ec96e702f07f6425b,hwiegowehiogw123455,4,nowarning,
ad61ab143223efbc24c7d2583be69251,hwiegowehiogw123455,4,nowarning,
b3e3e393c77e35a4a3f3cbd1e429b5dc,hwiegowehiogw123455,4,nowarning,
b53b3a3d6ab90ce0268229151c9bde11,hwiegowehiogw123455,4,nowarning,
b6d767d2f8ed5d21a44b0e5886680cb9,hwiegowehiogw123455,4,nowarning,
b73ce398c39f506af761d2277d853a92,hwiegowehiogw123455,4,nowarning,
bd4c9ab730f5513206b999ec0d90d1fb,hwiegowehiogw123455,4,nowarning,
c0c7c76d30bd3dcaefc96f40275bdc0a,hwiegowehiogw123455,4,nowarning,
c16a5320fa475530d9583c34fd356ef5,hwiegowehiogw123455,4,nowarning,
c20ad4d76fe97759aa27a0c99bff6710,hwiegowehiogw123455,4,nowarning,
c45147dee729311ef5b5c3003946c48f,hwiegowehiogw123455,4,nowarning,
c4ca4238a0b923820dcc509a6f75849b,hwiegowehiogw123455,4,nowarning,
c51ce410c124a10e0db5e4b97fc2af39,hwiegowehiogw123455,4,nowarning,
c74d97b01eae257e44aa9d5bade97baf,hwiegowehiogw123455,4,nowarning,
c7e1249ffc03eb9ded908c236bd1996d,hwiegowehiogw123455,4,nowarning,
c81e728d9d4c2f636f067f89cc14862c,hwiegowehiogw123455,4,nowarning,
c8ffe9a587b126f152ed3d89a146b445,hwiegowehiogw123455,4,nowarning,
c9e1074f5b3f9fc8ea15d152add07294,hwiegowehiogw123455,4,nowarning,
c9f0f895fb98ab9159f51fd0297e236d,hwiegowehiogw123455,4,nowarning,
cedebb6e872f539bef8c3f919874e9d7,hwiegowehiogw123455,4,nowarning,
d09bf41544a3365a46c9077ebb5e35c3,hwiegowehiogw123455,4,nowarning,
d1f491a404d6854880943e5c3cd9ca25,hwiegowehiogw123455,4,nowarning,
d1fe173d08e959397adf34b1d77e88d7,hwiegowehiogw123455,4,nowarning,
d2ddea18f00665ce8623e36bd4e3c7c5,hwiegowehiogw123455,4,nowarning,
d3d9446802a44259755d38e6d163e820,hwiegowehiogw123455,4,nowarning,
d645920e395fedad7bbbed0eca3fe2e0,hwiegowehiogw123455,4,nowarning,
d67d8ab4f4c10bf22aa353e27879133c,hwiegowehiogw123455,4,nowarning,
d82c8d1619ad8176d665453cfb2e55f0,hwiegowehiogw123455,4,nowarning,
d9d4f495e875a2e075a1a4a6e1b9770f,hwiegowehiogw123455,4,nowarning,
da4fb5c6e93e74d3df8527599fa62642,hwiegowehiogw123455,4,nowarning,
e00da03b685a0dd18fb6a08af0923de0,hwiegowehiogw123455,4,nowarning,
e2c420d928d4bf8ce0ff2ec19b371514,hwiegowehiogw123455,4,nowarning,
e2ef524fbf3d9fe611d5a8e90fefdc9c,hwiegowehiogw123455,4,nowarning,
e369853df766fa44e1ed0ff613f563bd,hwiegowehiogw123455,4,nowarning,
e4da3b7fbbce2345d7772b0674a318d5,hwiegowehiogw123455,4,nowarning,
ea5d2f1c4608232e07d3aa3d998e5135,hwiegowehiogw123455,4,nowarning,
ec5decca5ed3d6b8079e2e7e7bacc9f2,hwiegowehiogw123455,4,nowarning,
eccbc87e4b5ce2fe28308fd9f2a7baf3,hwiegowehiogw123455,4,nowarning,
ed3d2c21991e3bef5e069713af9fa6ca,hwiegowehiogw123455,4,nowarning,
f033ab37c30201f73f142449d037028d,hwiegowehiogw123455,4,nowarning,
f0935e4cd5920aa6c7c996a5ee53a70f,hwiegowehiogw123455,4,nowarning,
f2217062e9a397a1dca429e7d70bc6ca,hwiegowehiogw123455,4,nowarning,
f457c545a9ded88f18ecee47145a72c0,hwiegowehiogw123455,4,nowarning,
f4b9ec30ad9f68f89b29639786cb62ef,hwiegowehiogw123455,4,nowarning,
f7177163c833dff4b38fc8d2872f1ec6,hwiegowehiogw123455,4,nowarning,
f899139df5e1059396431415e770c6dd,hwiegowehiogw123455,4,nowarning,
fa7cdfad1a5aaf8370ebeda47a1ff1c3,hwiegowehiogw123455,4,nowarning,
fbd7939d674997cdb4692d34de8633c4,hwiegowehiogw123455,4,nowarning,
fc490ca45c00b1249bbe3554a4fdf6fb,hwiegowehiogw123455,4,nowarning,
fe9fc289c3ff0af142b6d3bead98a923,hwiegowehiogw123455,4,nowarning,